"project";"line.coverage";"assertion.density"
"com.github.andlyticsproject";NA;0
"com.simplemobiletools.calculator";NA;0
"im.vector.alpha";NA;0
"org.wahtod.wififixer";NA;0
"com.nicue.onetwo";NA;0
"com.commonsware.android.arXiv";NA;0
"uk.co.busydoingnothing.prevo";NA;0
"sh.ftp.rocketninelabs.meditationassistant.opensource";NA;0
"org.poirsouille.tinc_gui";NA;0
"nl.sogeti.android.gpstracker";0.14267143321417;0.188533627342889
"com.lgallardo.qbittorrentclient";NA;0
"com.kanedias.vanilla.lyrics";NA;0
"org.secuso.privacyfriendlyruler";NA;0
"org.fitchfamily.android.wifi_backend";NA;0
"de.guerda.matekarte";NA;0
"com.dririan.RingyDingyDingy";NA;0
"org.katsarov.heatcalc";NA;0
"com.junjunguo.pocketmaps";NA;0
"cz.romario.opensudoku";NA;0
"fr.ornidroid";0.428641732283465;0.206366630076839
"com.iazasoft.footguy";NA;0
"org.legtux.m_316k.fortune";NA;0
"campyre.android";NA;0
"com.longevitysoft.android.appwidget.hstfeed";NA;0
"com.mridang.speedo";NA;0
"com.fr3ts0n.ecu.gui.androbd";NA;0
"nl.ttys0.simplec25k";NA;0
"eu.veldsoft.scribe4";0.214532871972318;0.166666666666667
"com.ebaschiera.triplecamel";NA;0
"org.helllabs.android.xmp";NA;0
"info.meoblast001.thugaim";NA;0
"pro.dbro.bart";NA;0
"com.evenement.encapsulation";NA;0
"de.grobox.blitzmail";NA;0
"name.marfl.ext_kbd_bulgarian_phonetic";NA;0
"org.birthdayadapter";NA;0
"com.sam.hex";NA;0
"com.anysoftkeyboard.languagepack.neo";NA;0
"net.logomancy.diedroid";NA;0
"eu.woju.android.packages.hud";NA;0
"cc.co.eurdev.urecorder";NA;0
"nl.frankkie.bronylivewallpaper";NA;0
"de.b0nk.fp1_epo_autoupdate";0.25;0.0526315789473684
"tk.al54.dev.badpixels";NA;0
"net.bmaron.openfixmap";NA;0
"it.faerb.crond";NA;0
"com.ushahidi.android.app";0;0.266666666666667
"org.segin.bfinterpreter";NA;0
"org.surrel.messengerbypasser";NA;0
"org.ndeftools.boilerplate";NA;0
"eu.veldsoft.svarka.odds.calculator";NA;0
"fr.free.nrw.commons";0.741007194244604;0.112244897959184
"com.android.shellms";NA;0
"org.billthefarmer.currency";NA;0
"mancioboxblog.altervista.it.volumecontrol";NA;0
"com.vocifery.daytripper";NA;0
"com.innodroid.mongobrowser";NA;0
"org.kore.kolabnotes.android";NA;0
"com.madgag.agit";0.140939597315436;0.144230769230769
"de.retujo.bierverkostung";0.26974143955276;0.123762376237624
"de.koelle.christian.trickytripper";0.138623326959847;0.291988416988417
"ru.moscow.tuzlukov.sergey.weatherlog";NA;0
"git.rrgb.kinolog";NA;0
"com.dynamite.heaterrc";NA;0
"com.th.XenonWallpapers";NA;0
"us.achromaticmetaphor.agram";NA;0
"org.microg.nlp.backend.apple";NA;0
"com.github.wdkapps.fillup";NA;0
"net.sf.crypt.gort";NA;0
"org.navitproject.navit";NA;0
"de.danielweisser.android.ldapsync";NA;0
"de.d120.ophasekistenstapeln";NA;0
"com.gelakinetic.mtgfam";NA;0
"com.seawolfsanctuary.keepingtracks";0;0
"nl.mpcjanssen.simpletask";NA;0
"dudeofx.eval";NA;0
"org.openintents.flashlight";NA;0
"com.stoutner.privacybrowser.standard";NA;0
"org.basketbuilddownloader";NA;0
"gg.mw.passera";NA;0
"systems.byteswap.aiproute";NA;0
"org.osmocom.tacdatabaseclient";NA;0
"kr.softgear.multiping";NA;0
"de.enaikoon.android.keypadmapper3";NA;0
"fr.hnit.babyname";NA;0
"com.mridang.cellinfo";NA;0
"com.mendhak.gpslogger";0.235185185185185;0.179813401187447
"com.android.launcher3";0.158354755784062;0.12878200155159
"fm.a2d.sf";NA;0
"siir.es.adbWireless";NA;0
"com.android.inputmethod.pinyin";NA;0
"com.gmail.walles.johan.batterylogger";0.420129270544783;0.237237237237237
"eu.veldsoft.complica4";0.23454699407282;0.0978398983481576
"com.morlunk.mountie";NA;0
"org.fastergps";NA;0
"jp.takke.datastats";NA;0
"de.arnowelzel.android.periodical";NA;0
"org.synergy";NA;0
"com.maskyn.fileeditorpro";NA;0
"com.sgr_b2.compass";0.342222222222222;0.307482993197279
"com.nolanlawson.chordreader";NA;0
"com.cyanogenmod.lockclock";NA;0
"org.asteroidos.sync";NA;0
"me.danielbarnett.addresstogps";NA;0
"com.kodarkooperativet.notificationstopwatch";NA;0
"org.videolan.vlc";0;0
"com.alexkang.loopboard";NA;0
"org.nv95.openmanga";NA;0
"com.nextgis.mobile";NA;0
"net.rocboronat.android.wallpaper.npe";NA;0
"io.github.lonamiwebs.stringlate";NA;0
"org.witness.informacam";0.0727201257861635;0.0968992248062016
"org.emergent.android.weave";0.315789473684211;0.036036036036036
"org.microg.nlp.backend.ichnaea";NA;0
"ch.hgdev.toposuite";0.244236311239193;0.34223602484472
"org.whitequark.sipcaller";NA;0
"com.forrestguice.suntimeswidget";0.100808700501952;0.19727626459144
"it.eternitywall.eternitywall";0.00766283524904215;0.03125
"com.webworxshop.swallowcatcher";NA;0
"com.rigid.birthdroid";NA;0
"ryey.easer";0.0977042178323545;0.133962264150943
"com.termux.api";NA;0
"com.maralexbar.wifikeyview";NA;0
"com.qubling.sidekick";NA;0
"za.co.lukestonehm.logicaldefence";NA;0
"de.baumann.sieben";NA;0
"org.happysanta.gd";NA;0
"it.iiizio.epubator";NA;0
"net.androcom.dho.speakerproximity";NA;0
"org.wheelmap.android.online";0.0254934210526316;0.0546875
"gr.tsagi.jekyllforandroid";NA;0
"com.fairphone.clock";NA;0
"com.haha01haha01.harail";NA;0
"org.brandroid.openmanager";NA;0
"cs4295.memecreator";NA;0
"com.simplemobiletools.flashlight";NA;0
"org.droidparts.battery_widget";NA;0
"name.seguri.android.isphoneencrypted";NA;0
"atitel.com.todoer";NA;0
"eu.siebeck.sipswitch";NA;0
"com.pheelicks.visualizer";NA;0
"uk.ac.ed.inf.mandelbrotmaps";NA;0
"org.gnucash.android";0.199083936940775;0.180042722001831
"com.juet.attendance";NA;0
"de.laxu.apps.nachtlagerdownloader";NA;0
"org.emunix.unipatcher";0.364179104477612;0.122448979591837
"ch.blinkenlights.android.vanilla";NA;0
"com.code61.deadpixel";NA;0
"info.zwanenburg.caffeinetile";NA;0
"com.benny.openlauncher";NA;0
"it.greenaddress.cordova";NA;0
"com.eolwral.osmonitor";NA;0
"com.jarsilio.android.pocketup";NA;0
"nl.implode.regenalarm";NA;0
"de.uni_potsdam.hpi.openmensa";NA;0
"info.schnatterer.nusic";0.201365187713311;0.153543307086614
"com.tengu.sharetoclipboard";NA;0
"org.systemcall.scores";NA;0
"org.androidsoft.games.puzzle.kids";NA;0
"info.guardianproject.pixelknot";NA;0
"de.wikilab.android.friendica01";NA;0
"fr.nocle.passegares";0.9;0.283018867924528
"me.tripsit.tripmobile";NA;0
"cacafogo.software.touchBalance";NA;0
"com.plusonelabs.calendar";0.330232558139535;0.290598290598291
"fi.harism.wallpaper.yinyang";NA;0
"com.shapps.mintubeapp";NA;0
"gr.ndre.scuttloid";NA;0
"net.mypapit.mobile.myposition";NA;0
"de.antonwolf.agendawidget";NA;0
"community.peers.license";NA;0
"org.ligi.passandroid";NA;0
"com.farmerbb.taskbar";NA;0
"kiwi.root.an2linuxclient";NA;0
"com.primavera.arduino.listener";NA;0
"fr.simon.marquis.preferencesmanager";NA;0
"org.us.andriod";NA;0
"com.crazyhitty.chdev.ks.munch";NA;0
"se.tube42.p9.android";NA;0
"org.jf.Penroser";NA;0
"com.silverkeytech.android_rivers";NA;0
"com.numix.calculator";NA;0
"com.nanoconverter.zlab";NA;0
"org.dolphinemu.dolphinemu";NA;0
"com.fullscreen";NA;0
"com.dirkgassen.wator";NA;0
"com.google.zxing.client.android";0.104056437389771;0.0984697272122422
"com.jeffboody.GearsES2eclair";NA;0
"com.notriddle.null_launcer";NA;0
"io.github.phora.androptpb";0.121951219512195;0
"privacyfriendlyshoppinglist.secuso.org.privacyfriendlyshoppinglist";0.182432432432432;0.116483516483516
"com.tobiaskuban.android.monthcalendarwidgetfoss";NA;0
"ml.adamsprogs.bimba";NA;0
"com.thehoick.evergreenwishlist";NA;0
"com.adstrosoftware.launchappops";NA;0
"de.homac.Mirrored";NA;0
"atm.rocketguardian";NA;0
"org.wroot.android.goldeneye";NA;0
"jp.takke.cpustats";NA;0
"com.falconware.prestissimo";NA;0
"com.joulespersecond.seattlebusbot";0.267326732673267;0.169354838709677
"com.mgaetan89.showsrage";NA;0
"org.secuso.privacyfriendlynetmonitor";0.56989247311828;0.21875
"com.naman14.stools";NA;0
"com.google.android.apps.authenticator2";0.170442662948763;0.207877461706783
"jp.ksksue.app.terminal";NA;0
"com.grapefruitopia.dashclock.k9";NA;0
"de.nico.gpt";NA;0
"de.ub0r.android.websms.connector.smspilotru";NA;0
"com.nesswit.galbijjimsearcher";0;0.5
"uk.co.yahoo.p1rpp.calendartrigger";NA;0
"io.homeassistant.android";NA;0
"com.mikifus.padland";NA;0
"com.btcontract.wallet";NA;0
"cx.ring";NA;0
"de.sigfood";NA;0
"de.we.acaldav";NA;0
"io.github.powerinside.syncplay";NA;0
"org.zakky.memopad";NA;0
"com.github.yeriomin.yalpstore";NA;0
"org.gateshipone.odyssey";NA;0
"org.miamplayer.autoairplanemode";NA;0
"com.shadcat.secdroid";NA;0
"io.github.benoitduffez.cupsprint";NA;0
"de.bitsharesmunich.smartcoinswallet";0;0
"com.jforce.chapelhillnextbus";NA;0
"me.jakelane.wrapperforfacebook";NA;0
"org.fossasia.openevent";NA;0
"mobi.boilr.boilr";NA;0
"org.gfd.gsmlocation";NA;0
"uk.co.ashtonbrsc.android.intentintercept";NA;0
"com.saladdressing.veterondo";NA;0
"org.billthefarmer.tuner";NA;0
"de.baumann.hhsmoodle";NA;0
"com.tobykurien.webapps";NA;0
"org.creativecommons.thelist";0;0
"net.pejici.easydice";NA;0
"link.standen.michael.fatesheets";NA;0
"info.guardianproject.browser";NA;0
"org.scid.android";NA;0
"com.jbirdvegas.mgerrit";NA;0
"com.iskrembilen.quasseldroid";NA;0
"headrevision.BehatReporter";0.528358208955224;0.139013452914798
"dk.jens.backup";0.102766798418972;0.138111888111888
"org.schabi.sharewithnewpipe";NA;0
"fr.bellev.stdatmosphere";NA;0
"de.repat.mosf";NA;0
"org.berlin_vegan.bvapp";0.149068322981366;0.277777777777778
"com.danvelazco.fbwrapper";NA;0
"com.bretternst.URLazy";NA;0
"com.achep.acdisplay";NA;0
"org.sensors2.pd";NA;0
"de.simplestatswidget";NA;0
"com.app.missednotificationsreminder";0.274193548387097;0.0687830687830688
"pl.librus.client";0.289156626506024;0.145593869731801
"de.onyxbits.droidentify";NA;0
"nodom.darkfm.inventoryguimobile";NA;0
"org.blokada.alarm";NA;0
"eu.prismsw.lampshade";NA;0
"de.arnefeil.bewegungsmelder";NA;0
"tkj.android.homecontrol.mythmote";NA;0
"app.android.com.materialfilemanager";NA;0
"com.ds.avare";0.138318268967406;0.108593012275732
"com.google.android.diskusage";NA;0
"com.github.timnew.smartremotecontrol";NA;0
"org.bombusmod";NA;0
"at.maui.cheapcast";NA;0
"info.guardianproject.cacert";NA;0
"net.screenfreeze.deskcon";NA;0
"org.jamienicol.episodes";NA;0
"com.freezingwind.animereleasenotifier";NA;0
"com.redirectapps.tvkill";NA;0
"org.cyanogenmod.great.freedom";NA;0
"ryey.camcov";NA;0
"in.indiandragon.shellshock.shellshockvulnerabilityscan";NA;0
"org.legtux.m_316k.taptheblacktiles";NA;0
"de.karbach.tac";NA;0
"org.fitchfamily.android.gsmlocation";NA;0
"com.tinkerlog.android.pongtime";NA;0
"com.andybotting.tramhunter";0.0589622641509434;0
"net.lardcave.keepassnfc";NA;0
"info.guardianproject.checkey";NA;0
"com.zola.bmi";NA;0
"com.easytarget.micopi";NA;0
"net.nullsum.audinaut";NA;0
"org.projectvoodoo.simplecarrieriqdetector";NA;0
"org.asdtm.goodweather";NA;0
"info.frangor.laicare";0.152298850574713;0
"libretasks.app";NA;0
"org.segin.ttleditor";NA;0
"org.mcxa.vortaro";NA;0
"com.boombuler.piraten.map";0.0699300699300699;0
"com.ichi2.anki";0.0240947454396951;0.137254901960784
"szelok.app.twister";NA;0
"acr.browser.lightning";NA;0
"org.softcatala.traductor";NA;0
"com.jaygoel.virginminuteschecker";0;0
"org.wordpress.android";0.145309625996321;0.216309012875536
"org.ale.openwatch";NA;0
"io.github.whirish.tvbuses";NA;0
"com.termux.boot";NA;0
"de.serverfrog.pw.android";NA;0
"com.weatherlight.elloshare";NA;0
"com.derek_s.hubble_gallery";NA;0
"com.noshufou.android.su";NA;0
"org.billthefarmer.accordion";NA;0
"com.tnc.android.graphite";NA;0
"com.jakewharton.telecine";0.0657439446366782;0.482142857142857
"me.anuraag.grader";NA;0
"jp.co.kayo.android.localplayer.ds.ampache";NA;0
"com.willhauck.linconnectclient";NA;0
"org.secuso.privacyfriendlymemory";0.0697674418604651;0.0526315789473684
"org.iilab.openmentoring";NA;0
"com.sismics.reader";0.251581801747514;0.387820512820513
"com.doomy.overflow";NA;0
"com.jmartin.temaki";NA;0
"de.lihotzki.pixelflood";NA;0
"org.billthefarmer.siggen";NA;0
"fr.xtof54.dragonGoApp";NA;0
"org.microg.nlp.backend.openwlanmap";NA;0
"io.gitlab.mudassir.youtubecacher";NA;0
"org.bc_bd.mrwhite";NA;0
"de.c3nav.droid";NA;0
"de.feisar.wordvalue";NA;0
"com.moonpi.swiftnotes";NA;0
"com.sunshine.makilite";NA;0
"com.bottleworks.dailymoney";NA;0
"com.wangdaye.mysplash";NA;0
"com.vadimfrolov.duorem";NA;0
"atm.starun.game";NA;0
"com.zenstyle.muzei.wlppr";NA;0
"com.timvdalen.gizmooi";NA;0
"com.nathanosman.chronosnap";NA;0
"io.github.fxthomas.sshbeam";NA;0
"org.itishka.pointim";NA;0
"org.mmk2410.cyngn.theme.fira";NA;0
"fr.tvbarthel.apps.cameracolorpicker";NA;0
"at.bitfire.gfxtablet";NA;0
"org.secuso.privacyfriendlydicer";NA;0
"com.earthblood.tictactoe";NA;0
"com.boztalay.puppyframeuid";NA;0
"de.drhoffmannsoftware.xearth";NA;0
"am.zoom.mlauncher";NA;0
"name.soulayrol.rhaa.sholi";NA;0
"com.projectsexception.myapplist.open";NA;0
"org.blockinger.game";NA;0
"com.rastating.droidbeard";NA;0
"com.agnibho.android.solarcompass";NA;0
"com.traffar.oware";NA;0
"io.github.tompreuss.apnsettings";NA;0
"com.samebits.beacon.locator";NA;0
"be.uhasselt.privacypolice";NA;0
"ch.fixme.status";NA;0
"in.ac.dtu.subtlenews";NA;0
"org.evilsoft.pathfinder.reference";NA;0
"com.mykola.lexinproject";NA;0
"com.tastycactus.timesheet";0;0
"at.bitfire.nophonespam";NA;0
"com.intrications.android.sharebrowser";NA;0
"com.dftec.planetcon";NA;0
"net.ebt.muzei.miyazaki";NA;0
"org.chorem.android.saymytexts";NA;0
"org.congresointeractivo.elegilegi";NA;0
"com.cebesius.materialhash";0.684210526315789;0.00709219858156028
"com.antoniotari.reactiveampacheapp";NA;0
"org.mariotaku.twidere";0.142857142857143;0
"net.wigle.wigleandroid";0.321836775616603;0.2384
"com.simplemobiletools.filemanager";NA;0
"com.daviancorp.android.mh4udatabase";0.467592592592593;0.0844155844155844
"net.oschina.app";NA;0
"de.cketti.dashclock.k9";NA;0
"com.dgmltn.morphclock.app";NA;0
"fi.harism.wallpaper.flowers";NA;0
"me.bpear.archonpackager";NA;0
"net.micode.soundrecorder";NA;0
"pl.net.szafraniec.NFCTagmaker";NA;0
"com.android.keepass";0.0936300844205679;0.0850439882697947
"com.uploadedlobster.PwdHash";0.183908045977011;0.1375
"groomiac.crocodilenote";NA;0
"com.viper.simplert";NA;0
"eu.veldsoft.tuty.fruty.slot";NA;0
"com.github.axet.audiorecorder";NA;0
"jackpal.droidexaminer";NA;0
"io.github.lonamiwebs.klooni";NA;0
"org.secuso.privacyfriendlyyahtzeedicer";NA;0
"com.googlecode.chartdroid";NA;0
"buet.rafi.dictionary";NA;0
"com.kn.paper_foss_theme";NA;0
"org.servalproject.maps";0.0699300699300699;0
"org.andglkmod.hunkypunk";NA;0
"sun.bob.leela";NA;0
"info.guardianproject.courier";NA;0
"com.jwetherell.heart_rate_monitor";NA;0
"com.example.openpass";NA;0
"com.dngames.mobilewebcam";NA;0
"com.github.xloem.qrstream";NA;0
"dk.kk.ibikecph";NA;0
"com.numguesser.tonio_rpchp.numberguesser";NA;0
"org.twelf.cmtheme";NA;0
"com.mschlauch.comfortreader";0;0.0882352941176471
"com.menny.android.anysoftkeyboard";0.198269214291834;0.284044418468732
"com.adonai.manman";0.0208816705336427;0
"it.mobimentum.dualsimwidget";NA;0
"org.envaya.sms";NA;0
"org.mozilla.klar";0.370886075949367;0.396551724137931
"com.github.axet.hourlyreminder";NA;0
"teaonly.droideye";NA;0
"trikita.slide";NA;0
"com.paranoid.ParanoidWallpapers";NA;0
"de.drhoffmannsoftware";NA;0
"org.androidappdev.wifiwidget";NA;0
"com.sinpo.xnfc";NA;0
"org.quantumbadger.redreader";0.135011441647597;0.190184049079755
"com.tobykurien.google_news";NA;0
"jp.sfjp.webglmol.NDKmol";NA;0
"rino.org.tethercompanion";NA;0
"com.blanyal.remindly";NA;0
"com.eleybourn.bookcatalogue";0.56;0.230421686746988
"tuioDroid.impl";NA;0
"protect.budgetwatch";0.0328060925600469;0.178861788617886
"net.stkaddons.viewer";NA;0
"fr.renzo.wikipoff";NA;0
"com.alaskalinuxuser.criticalvelocity";NA;0
"fi.harism.wallpaper.flier";NA;0
"ca.rmen.nounours";0.38255033557047;0.129032258064516
"org.tamanegi.atmosphere";NA;0
"com.aragaer.jtt";0.346534653465347;0.18792599805258
"org.eff.actioncenter";NA;0
"kvj.taskw";NA;0
"com.enrico.earthquake.batterysimplysolid";NA;0
"com.gmail.mugcuposup.android";NA;0
"com.gimranov.zandy.app";NA;0
"org.developfreedom.ccdroid.app";0.271468144044321;0.195402298850575
"com.pierceholdings.dontpause";NA;0
"com.sapientech.mediagoblin";NA;0
"com.selbie.wrek";NA;0
"fr.ludo1520.whatexp";NA;0
"com.SecUpwN.AIMSICD";0.647058823529412;0.5
"org.scoutant.blokish";0.293494704992436;0.243386243386243
"com.health.openscale";0.535469107551487;0.384422110552764
"de.baumann.thema";NA;0
"de.measite.contactmerger";NA;0
"com.wanderfar.expander";NA;0
"com.jmelzer.myttr";0.32184249628529;0.350499615680246
"com.grarak.kerneladiutor";NA;0
"com.anysoftkeyboard.languagepack.persian";NA;0
"com.mattallen.loaned";NA;0
"uk.co.busydoingnothing.catverbs";NA;0
"in.blogspot.anselmbros.torchie";NA;0
"org.jsl.shmp";NA;0
"com.ilm.sandwich";NA;0
"x653.bullseye";NA;0
"com.littlebytesofpi.pylauncher";NA;0
"com.jakebasile.android.hearingsaver";NA;0
"org.tuxpaint";NA;0
"com.jmartin.writeily";NA;0
"com.maxfierke.sandwichroulette";NA;0
"com.nutomic.zertman";0.548275862068966;0.205357142857143
"com.elsewhat.android.currentwallpaper";NA;0
"de.stefan_oltmann.falling_blocks";NA;0
"org.wiktionary";NA;0
"org.totschnig.sendwithftp";NA;0
"org.adaway";0.360759493670886;0.113924050632911
"de.steinpfeffer.rdt";NA;0
"sk.baka.aedict";0.089727568107973;0.366760168302945
"cri.sanity";NA;0
"org.softeg.slartus.forpdaplus";0;0
"com.miqote.shanawp";NA;0
"org.y20k.transistor";NA;0
"name.seguri.android.getforegroundactivity";NA;0
"org.indywidualni.fblite";0.402439024390244;0
"com.orphan.amplayer";NA;0
"org.xbmc.android.remote";0.438003220611916;0
"se.tube42.drum.android";NA;0
"com.shahul3d.indiasatelliteweather";NA;0
"net.nurik.roman.muzei";NA;0
"io.gresse.hugo.anecdote";NA;0
"ch.jiikuy.velocitycalculator";NA;0
"fi.testbed2";0.616330114135206;0.405172413793103
"name.bagi.levente.pedometer";NA;0
"org.geometerplus.fbreader.plugin.local_opds_scanner";NA;0
"org.jfet.batsHIIT";NA;0
"org.ligi.etheremote";NA;0
"de.eidottermihi.raspicheck";0;0
"com.google.code.apps2org";NA;0
"com.wmstein.transektcount";NA;0
"com.github.axet.mover";NA;0
"com.numix.icons_circle";0.0579710144927536;0
"ch.rrelmy.android.locationcachemap";NA;0
"com.frrahat.quransimple";NA;0
"lanchon.sigspoof.checker";NA;0
"com.traffar.gomoku";NA;0
"eu.inmite.android.gridwichterle";NA;0
"com.powerje.nyan";NA;0
"com.googlecode.androidcells";NA;0
"net.mcarolan.whenzebus";NA;0
"tw.idv.palatis.danboorugallery";NA;0
"it.lucci.cm.greyscaletheme";NA;0
"net.iowaline.dotdash";NA;0
"org.ligi.vaporizercontrol";NA;0
"com.f2prateek.dfg";NA;0
"com.nextcloud.client";0.0394694273697832;0.110787172011662
"com.mde.potdroid";NA;0
"org.lf_net.pgpunlocker";NA;0
"com.FireFart.Permissions2";NA;0
"de.vibora.viborafeed";NA;0
"org.sugr.gearshift";0.391734052111411;0.340217391304348
"de.j4velin.systemappmover";NA;0
"org.xapek.andiodine";NA;0
"a2dp.Vol";NA;0
"org.mariotaku.twidere.extension.twitlonger";NA;0
"com.nilhcem.hostseditor";NA;0
"ch.dissem.android.drupal";NA;0
"uk.ac.cam.cl.dtg.android.barcodebox";NA;0
"org.ligi.survivalmanual";NA;0
"org.redcross.openmapkit";0.0962099125364431;0.0812182741116751
"com.polipoid";NA;0
"org.servDroid.web";NA;0
"com.ubergeek42.WeechatAndroid";0.290322580645161;0.171428571428571
"com.traffar.a24game";NA;0
"org.ethack.orwall";NA;0
"com.Bisha.TI89EmuDonation";NA;0
"com.dacer.simplepomodoro";NA;0
"ca.rmen.android.networkmonitor";NA;0
"net.inclem.nogo";NA;0
"com.stwalkerster.android.apps.strobelight";NA;0
"info.aario.snotepad";NA;0
"com.androzic";0.301587301587302;0
"info.guardianproject.locationprivacy";NA;0
"com.allansimon.verbisteandroid";NA;0
"se.anyro.nfc_reader";NA;0
"com.tttdevs.stncbookmarks";NA;0
"streetwalrus.usbmountr";NA;0
"com.b44t.messenger";NA;0
"com.mattieapps.roommates";NA;0
"moe.minori.pgpclipper";NA;0
"com.hlidskialf.android.pomodoro";NA;0
"ch.bailu.aat";0.0701754385964912;0.0695652173913043
"org.ametro";NA;0
"org.billthefarmer.melodeon";NA;0
"fr.simon.marquis.secretcodes";NA;0
"org.esteban.piano";NA;0
"com.renard.ocr";0.385826771653543;0.242647058823529
"com.fisheradelakin.vortex";NA;0
"eu.johncasson.meerkatchallenge";NA;0
"de.msal.muzei.nationalgeographic";NA;0
"com.github.sryze.wirebug";NA;0
"com.mobiperf";0.0856954515491101;0.0916334661354582
"com.liato.bankdroid";0.278145695364238;0.0450819672131148
"com.mathi_amorim.emmanuel.metrictime";NA;0
"org.webodf";NA;0
"click.dummer.funphonepuppet";NA;0
"com.googlecode.networklog";NA;0
"com.diegocarloslima.byakugallery";NA;0
"com.mkulesh.micromath.plus";0;0
"com.markuspage.android.certtools";NA;0
"org.androidsoft.games.slowit";NA;0
"com.tasomaniac.openwith.floss";NA;0
"org.qii.weiciyuan";NA;0
"im.tox.antox";NA;0
"com.twistedplane.sealnote";NA;0
"org.ligi.blexplorer";NA;0
"com.spazedog.mounts2sd";NA;0
"com.example.root.analyticaltranslator";NA;0
"com.anysoftkeyboard.languagepack.malayalam";NA;0
"it.devapp.android";NA;0
"com.shkmishra.lyrically";NA;0
"org.rmll";0.613861386138614;0.5
"fr.tvbarthel.apps.simplethermometer";NA;0
"eu.lavarde.pmtd";NA;0
"org.dynalogin.android";NA;0
"org.projectvoodoo.otarootkeeper";NA;0
"org.fitchfamily.android.symphony";NA;0
"io.github.phora.aeondroid";0.263513513513513;0.166666666666667
"com.brianco.colorclock";NA;0
"com.fastaccess.github";0;0.0945945945945946
"it.feio.android.omninotes.foss";0.194141298104538;0.263888888888889
"trikita.obsqr";0.0961538461538462;0.17
"com.zaren";NA;0
"de.westnordost.streetcomplete";0.399346672111066;0.178425125170687
"com.artifex.mupdfdemo";NA;0
"de.christinecoenen.code.zapp";0.0517529215358932;0.164383561643836
"com.joshtwigg.cmus.droid";NA;0
"tof.cv.mpp";NA;0
"org.n52.sosmobileclient";NA;0
"ch.abertschi.adfree";NA;0
"de.saschahlusiak.freebloks";NA;0
"at.linuxtage.companion";NA;0
"org.jfedor.frozenbubble";NA;0
"net.czlee.debatekeeper";NA;0
"de.audioattack.openlink";0.319444444444444;0.181818181818182
"com.wentam.defcol";NA;0
"net.pmarks.chromadoze";NA;0
"de.mangelow.throughput";NA;0
"eu.wikijourney.wikijourney";NA;0
"org.aprsdroid.app";NA;0
"com.radioreddit.android";NA;0
"eu.faircode.netguard";NA;0
"com.as.anagramsolver";NA;0
"com.knirirr.beecount";NA;0
"net.glsk.wpgen";NA;0
"com.politedroid";NA;0
"com.selesca.xkcdmuzei";NA;0
"com.greenaddress.greenbits_android_wallet";0.283336107874147;0.288187764524817
"it.skarafaz.mercury";NA;0
"de.boesling.hydromemo";NA;0
"org.totschnig.myexpenses";0.204662471395881;0.185722150853368
"org.icasdri.mather";NA;0
"co.wakarimasen.ceredux";NA;0
"com.achep.widget.jellyclock";NA;0
"com.bytehamster.changelog";0.737704918032787;0.148148148148148
"com.chessclock.android";NA;0
"com.mattgmg.miracastwidget";NA;0
"com.luorrak.ouroboros";NA;0
"de.tap.easy_xkcd";0;0
"org.openintents.notepad";NA;0
"io.github.hidroh.materialistic";0.17697907188353;0.111027756939235
"org.logicallycreative.movingpolygons";NA;0
"aarddict.android";NA;0
"org.sixgun.ponyexpress";NA;0
"jackpal.androidterm";NA;0
"com.utyf.pmetro";NA;0
"net.androgames.level";NA;0
"de.srlabs.snoopsnitch";NA;0
"org.nick.wwwjdic";0.412778904665314;0.453333333333333
"org.hiittimer.hiittimer";NA;0
"fly.speedmeter.grub";NA;0
"de.nico.ha_manager";NA;0
"org.beide.bomber";NA;0
"ch.citux.td";NA;0
"org.supertuxkart.stk";NA;0
"menion.android.whereyougo";NA;0
"com.newsblur";0;0
"com.isdp.trirose";NA;0
"org.telegram.messenger";NA;0
"de.skubware.opentraining";0.0959715639810427;0.170854271356784
"net.xenotropic.quizznworldcap";NA;0
"eu.veldsoft.four.row.solitaire";NA;0
"org.androidfromfrankfurt.archnews";NA;0
"aq.com.sharetobrowser";NA;0
"giraffine.dimmer";NA;0
"com.stevenschoen.putionew";NA;0
"org.mcxa.zephyrlogger";NA;0
"ch.blinkenlights.battery";NA;0
"com.simplemobiletools.musicplayer";NA;0
"com.termux";0.415650406504065;0.529215358931553
"org.aykit.MyOwnNotes";NA;0
"org.fosdem";0.155;0.294117647058824
"de.quaddyservices.dynamicnightlight";NA;0
"org.schabi.terminightor";NA;0
"org.chrisbailey.todo";NA;0
"cz.martykan.webtube";NA;0
"info.guardianproject.gpg";NA;0
"net.gaast.giggity";NA;0
"github.daneren2005.dsub";0.0634255378597374;0.102990033222591
"com.thibaudperso.sonycamera";NA;0
"org.secuso.privacyfriendlytodolist";NA;0
"com.cgogolin.library";NA;0
"org.androidsoft.coloring";NA;0
"org.scummvm.scummvm";NA;0
"de.drhoffmannsoft.pizza";NA;0
"org.ab.x48";NA;0
"org.jsl.wfwt";NA;0
"info.staticfree.SuperGenPass";0.352;0.184834123222749
"eu.e43.impeller";NA;0
"io.github.baiatbun.react";NA;0
"atm.nasaimages";NA;0
"org.opendroidphp";NA;0
"org.nick.cryptfs.passwdmanager";NA;0
"com.litmus.worldscope";0.0453514739229025;0.0229885057471264
"com.ihunda.android.binauralbeat";NA;0
"org.schabi.newpipe";0.300248138957816;0.325581395348837
"com.mustafaali.sensorssandbox";NA;0
"fr.mobdev.blooddonation";0.6875;0.192660550458716
"net.iexos.musicalarm";NA;0
"com.taiste.lainari_en";NA;0
"com.bvalosek.cpuspy";NA;0
"com.mattermost.mattermost";NA;0
"com.duckduckgo.mobile.android";0.00323624595469256;0.0303030303030303
"be.quentinloos.manille";NA;0
"org.moparisthebest.appbak";NA;0
"com.howeyc.spiped";NA;0
"me.tsukanov.counter";0.444444444444444;0.137254901960784
"org.billthefarmer.shorty";NA;0
"com.callrecorder.android";NA;0
"com.alaskalinuxuser.hourglass";NA;0
"de.grobox.liberario";0.0629370629370629;0.432432432432432
"com.isanexusdev.androidcpg";NA;0
"com.example.ismael.downloadfilesweb";NA;0
"org.transdroid.lite";0;0
"com.android.inputmethod.latin";0.238862559241706;0.181818181818182
"net.mabako.steamgifts";NA;0
"jp.sblo.pandora.aGrep";NA;0
"net.luniks.android.inetify";0.155784244144784;0.167189952904239
"com.money.manager.ex";0.202127659574468;0.08
"net.daverix.urlforward";0;0
"com.quaap.phonefonefun";NA;0
"se.pp.mc.android.Gerberoid";NA;0
"com.matejdro.pebbledialer";NA;0
"net.jjc1138.android.scrobbler";NA;0
"org.piwik.mobile2";NA;0
"com.volosyukivan";NA;0
"eu.hydrologis.geopaparazzi";0.234375;0
"de.stefan_oltmann.kaesekaestchen";NA;0
"com.frozendevs.cache.cleaner";NA;0
"net.chilon.matt.teacup";NA;0
"com.gmail.altakey.effy";NA;0
"com.github.jtjj222.sudburytransit";NA;0
"org.hanenoshino.onscripter";NA;0
"com.hobbyone.HashDroid";NA;0
"net.ralphbroenink.muzei.unsplash";NA;0
"com.philliphsu.clock2";0.209856915739269;0.111561866125761
"fr.gouv.etalab.mastodon";NA;0
"com.poinsart.votar";NA;0
"com.jotabout.screeninfo";NA;0
"mobi.omegacentauri.SendReduced";NA;0
"org.holylobster.nuntius";NA;0
"com.jmstudios.chibe";0.4625;0.30952380952381
"max.music_cyclon";NA;0
"org.servalproject";NA;0
"com.github.egonw.isotopes";NA;0
"net.asceai.meritous";NA;0
"org.zephyrsoft.trackworktime";NA;0
"ch.corten.aha.worldclock";NA;0
"de.onyxbits.listmyapps";NA;0
"com.veken0m.bitcoinium";NA;0
"de.baumann.weather";NA;0
"com.powerpoint45.lucidbrowser";NA;0
"br.com.dgimenes.nasapic";NA;0
"com.theksmith.android.car_bus_interface";NA;0
"com.chrisheald.flexauth";NA;0
"it.mn.salvi.linuxDayOSM";NA;0
"fr.pssoftware.scoretarot";NA;0
"org.ligi.satoshiproof";NA;0
"com.kyakujin.android.tagnotepad";NA;0
"org.billthefarmer.crossword";NA;0
"au.com.darkside.XServer";NA;0
"com.markuspage.android.atimetracker";0.247933884297521;0.2
"free.yhc.netmbuddy";NA;0
"com.serwylo.msjviewer";NA;0
"com.nma.util.sdcardtrac";NA;0
"com.isaacparker.dozesettingseditor";NA;0
"org.hwyl.sexytopo";0.174733096085409;0.177057356608479
"com.genonbeta.TrebleShot";NA;0
"com.pilot51.voicenotify";NA;0
"it.ecosw.dudo";NA;0
"de.yaacc";0.130095923261391;0.0980132450331126
"org.safermobile.intheclear";NA;0
"fr.xgouchet.texteditor";NA;0
"io.github.hopedia";NA;0
"com.easwareapps.quoter";NA;0
"com.icecondor.nest";NA;0
"me.anuraag.loveactualized";NA;0
"com.dozuki.ifixit";NA;0
"com.vlath.keyboard";NA;0
"com.quaap.launchtime";NA;0
"tmendes.com.analyticalbalancedroid";NA;0
"gov.wa.wsdot.android.wsdot";NA;0
"org.ligi.solar_activity_monitor";NA;0
"com.quaap.primary";NA;0
"csci567.squeez";NA;0
"net.sylvek.sharemyposition";NA;0
"de.chaosdorf.meteroid";NA;0
"org.secuso.privacyfriendlypasswordgenerator";0.62200956937799;0.146666666666667
"com.lonepulse.travisjr";0.343661971830986;0.0809792843691149
"com.pcinpact";0.340175953079179;0.0245398773006135
"de.bjusystems.vdrmanager";NA;0
"paulscode.android.mupen64plusae";NA;0
"org.afhdownloader";NA;0
"com.npi.muzeiflickr";NA;0
"com.jparkie.givesmehope";0;0
"com.ctrlplusz.dashclock.yr";NA;0
"com.mod.android.widget.fbcw";NA;0
"com.wordpress.chislonchow.legacylauncher";NA;0
"protect.card_locker";0.0449640287769784;0.148080438756856
"com.androidemu.gba";NA;0
"com.kanedias.vanilla.audiotag";NA;0
"org.cipherdyne.fwknop2";NA;0
"de.live.gdev.timetracker";NA;0
"net.bitconomy.ckpoolwatcher";NA;0
"com.endeepak.dotsnsquares";0.0530973451327434;0.0294117647058824
"org.dpadgett.timer";NA;0
"net.momodalo.app.vimtouch";NA;0
"de.hoffmannsgimmickstaupunkt";NA;0
"org.epstudios.morbidmeter";NA;0
"com.dwak.lastcall";NA;0
"com.asksven.betterbatterystats";0.180324324324324;0.206081081081081
"douzifly.list";0.278240190249703;0.265957446808511
"de.onyxbits.photobookmark";NA;0
"ru.neverdark.silentnight";NA;0
"fi.mikuz.boarder";NA;0
"com.workingagenda.democracydroid";NA;0
"pro.oneredpixel.l9droid";NA;0
"com.robert.maps";NA;0
"io.github.fvasco.pinpoi";NA;0
"raele.concurseiro";NA;0
"com.scar45.aokp.co.webviewer";NA;0
"io.github.mthli.Ninja";NA;0
"eu.siacs.conversations";NA;0
"org.cry.otp";NA;0
"com.tomatodev.timerdroid";NA;0
"github.yaa110.memento";NA;0
"org.tamanegi.wallpaper.multipicture.dnt";NA;0
"com.ultramegatech.ey";NA;0
"teamunguided.brighttime";NA;0
"de.srlabs.gsmmap";NA;0
"com.github.wakhub.tinyclock";NA;0
"com.infonuascape.osrshelper";NA;0
"gq.nulldev.animeopenings.app";NA;0
"it.niedermann.owncloud.notes";0.386046511627907;0.55
"com.secuso.torchlight2";NA;0
"si.modrajagoda.didi";NA;0
"de.reimardoeffinger.quickdic";NA;0
"com.nononsenseapps.notepad";0.666666666666667;0.304347826086957
"com.chanapps.four.activity";NA;0
"ro.ciubex.dscautorename";NA;0
"com.wabadaba.dziennik";NA;0
"org.michaelevans.nightmodeenabler";NA;0
"is.xyz.mpv";NA;0
"poly.darkdepths.strongbox";NA;0
"com.android.music";NA;0
"peanutencryption.peanutencryption";NA;0
"org.herrlado.geofonts";NA;0
"eu.mrogalski.saidit";NA;0
"org.disrupted.rumble";0;0
"org.xcsoar";NA;0
"org.ligi.ajsha";0;0
"org.gringene.concentricclock";NA;0
"org.openintents.filemanager";0;0.0150943396226415
"org.github.OxygenGuide";NA;0
"com.dimtion.shaarlier";NA;0
"de.k3b.android.androFotoFinder";0.273109243697479;0.121212121212121
"org.androidsoft.opendata.remarkabletrees";NA;0
"org.geometerplus.zlibrary.ui.android";0.0444214876033058;0.187845303867403
"net.codechunk.speedofsound";NA;0
"com.github.yeriomin.workoutlog";NA;0
"me.hda.urlhda";NA;0
"de.j4velin.wifiAutoOff";NA;0
"com.hayaisoftware.launcher";NA;0
"org.marcus905.wifi.ace";NA;0
"org.mosspaper";NA;0
"com.tananaev.logcat";NA;0
"eu.siacs.conversations.voicerecorder";NA;0
"tk.jordynsmediagroup.simpleirc.fdroid";NA;0
"org.gittner.osmbugs";NA;0
"org.mrpdaemon.android.encdroid";NA;0
"com.tortel.syslog";NA;0
"com.palliser.nztides";NA;0
"me.kuehle.carreport";0.255244755244755;0.23021582733813
"br.usp.ime.retrobreaker";NA;0
"souch.smp";0.0677382319173364;0.0115830115830116
"app.easytoken";NA;0
"eu.devunit.fb_client";NA;0
"com.tomer.poke.notifier";NA;0
"io.github.droidapps.pdfreader";NA;0
"com.Pau.ImapNotes2";NA;0
"ca.rmen.android.scrumchatter";NA;0
"com.kennyc.open.imgur";NA;0
"itkach.aard2";NA;0
"de.pinyto.exalteddicer";NA;0
"ch.logixisland.anuto";NA;0
"org.sudowars";0.219178082191781;0
"com.ginkel.hashit";NA;0
"net.khertan.forrunners";NA;0
"it.sineo.android.noFrillsCPUClassic";NA;0
"com.fusionx.lightirc";NA;0
"org.bottiger.podcast";0.00316706254948535;0.00675675675675676
"org.tvbrowser.tvbrowser";NA;0
"com.yubico.yubitotp";NA;0
"de.hfu.funfpunktnull";NA;0
"saschpe.contactevents";NA;0
"com.liveplayergames.finneypoker";0.27449897427805;0.159467174119886
"com.lostrealm.lembretes";NA;0
"org.ogre.browser";NA;0
"org.balau.fakedawn";0;0.0952380952380952
"com.tassadar.multirommgr";NA;0
"yellr.net.yellr_android";NA;0
"name.seguri.android.lock";NA;0
"de.tobiasbielefeld.solitaire";NA;0
"com.serwylo.lexica";NA;0
"com.agateau.catgenerator";NA;0
"fr.nicopico.dashclock.birthday";NA;0
"com.namsor.api.samples.gendre";NA;0
"tv.piratemedia.lightcontroler";NA;0
"com.acvarium.tasclock";NA;0
"edu.killerud.kitchentimer";NA;0
"org.ntpsync";NA;0
"free.rm.netcfgwidget";NA;0
"com.linuxcounter.lico_update_003";NA;0
"de.tobiasbielefeld.brickgames";NA;0
"org.smerty.zooborns";NA;0
"com.android.browser";NA;0
"org.sipdroid.sipua";NA;0
"hr.kravarscan.enchantedfortress";NA;0
"be.ppareit.swiftp_free";NA;0
"org.schabi.etherwake";NA;0
"com.termux.tasker";NA;0
"com.nononsenseapps.feeder";NA;0
"se.johanhil.clipboard";NA;0
"org.walleth";NA;0
"be.brunoparmentier.wifikeyshare";0.124031007751938;0.0888888888888889
"de.nico.asura";NA;0
"org.kobuge.ninjatraining";NA;0
"at.tomtasche.reader";NA;0
"dev.ukanth.ufirewall";NA;0
"com.readystatesoftware.ghostlog";NA;0
"org.ttrssreader";NA;0
"org.moparisthebest.pageplus";NA;0
"SpeedoMeterApp.main";NA;0
"org.strawberryforum.pollywog";NA;0
"info.kesavan.malartoon";NA;0
"com.zeapo.pwdstore";0.868421052631579;0.166666666666667
"wb.receiptspro";0.428387096774194;0.213183198380567
"io.github.otakuchiyan.dnsman";NA;0
"com.piratebayfree";NA;0
"com.github.yeriomin.smsscheduler";NA;0
"net.syntaxblitz.plucklock";NA;0
"org.sparkleshare.android";NA;0
"li.klass.fhem";0.277634961439589;0.334269662921348
"com.rj.pixelesque";NA;0
"com.einmalfel.podlisten";NA;0
"org.pulpdust.lesserpad";NA;0
"org.lumicall.android";NA;0
"org.ligi.materialteatimer";NA;0
"com.max2idea.android.fwknop";NA;0
"org.musicbrainz.picard.barcodescanner";NA;0
"com.u17od.upm";NA;0
"es.cesar.quitesleep";0;0.5
"no.rkkc.bysykkel";NA;0
"com.zegoggles.gist";NA;0
"com.coste.syncorg";0;0.464285714285714
"org.freshrss.easyrss";0.208984122886279;0.160327198364008
"makeinfo.com.getid";NA;0
"net.majorkernelpanic.spydroid";NA;0
"com.notriddle.budget";NA;0
"ohi.andre.consolelauncher";NA;0
"org.kost.externalip";NA;0
"com.forum.fiend.osp";NA;0
"com.zagayevskiy.pacman";NA;0
"com.javierllorente.adc";NA;0
"byrne.utilities.converter";NA;0
"com.gabm.screenrotationcontrol";NA;0
"de.jurihock.voicesmith";0;0
"link.standen.michael.phonesaver";NA;0
"com.marceljurtz.lifecounter";NA;0
"com.mariogrip.octoprint";NA;0
"org.aminb.mathtools.app";NA;0
"com.quaap.computationaldemonology";NA;0
"com.vrem.wifianalyzer";0.399429699495503;0.14059618930547
"de.bashtian.dashclocksunrise";NA;0
"org.ppsspp.ppsspp";NA;0
"org.equeim.tremotesf";NA;0
"simple.reboot.com";NA;0
"org.diygenomics.pg";NA;0
"se.norenh.rkfread";NA;0
"de.j4velin.pedometer";NA;0
"org.jfedor.nxtremotecontrol";NA;0
"com.axelby.podax";NA;0
"ru.meefik.busybox";NA;0
"com.gpl.rpg.AndorsTrail";NA;0
"de.cryptobitch.muelli.barcodegen";NA;0
"org.floens.chan";0.318367346938775;0.0410958904109589
"com.integralblue.callerid";NA;0
"net.sourceforge.opencamera";0.0501410216233156;0.151776529239535
"mazechazer.android.wottankquiz";NA;0
"com.fr3ts0n.stagefever";NA;0
"mbmb5.lumixextendedcontrolapp";NA;0
"au.id.micolous.farebot";NA;0
"de.phoenixstudios.pc_dimmer";NA;0
"italian.said.fran.theitaliansaid";NA;0
"com.samsung.srpol";NA;0
"fr.hnit.riverferry";NA;0
"com.apkupdater";0;0
"org.iilab.pb";0.23900462962963;0.11480686695279
"com.androidemu.gbc";NA;0
"com.workingagenda.fissure";NA;0
"com.corner23.android.beautyclocklivewallpaper";NA;0
"github.yaa110.piclice";NA;0
"org.liberty.android.fantastischmemo";0.284168564920273;0.234276729559748
"com.twsitedapps.homemanager";NA;0
"free.rm.skytube.oss";NA;0
"fr.neamar.kiss";0.0087719298245614;0.0135135135135135
"org.hekmatof.chesswatch";NA;0
"de.qspool.clementineremote";NA;0
"com.pixiv.muzei.pixivsource";NA;0
"com.monead.games.android.sequence";NA;0
"org.y20k.trackbook";NA;0
"net.usikkert.kouchat.android";0.372665193814019;0.135350318471338
"se.traffar.dot_race";NA;0
"com.dje.openwifinetworkremover";NA;0
"jpf.android.magiadni";NA;0
"vik.linx.stormify";NA;0
"org.tint.adblock";NA;0
"org.smc.inputmethod.indic";NA;0
"com.mobilepearls.memory";NA;0
"at.bitfire.icsdroid";NA;0
"net.sourceforge.solitaire_cg";NA;0
"com.alaskalinuxuser.shipcaptainandcrew";NA;0
"org.anothermonitor";NA;0
"com.github.darthjoey91.hangman";NA;0
"com.easwareapps.g2l";NA;0
"com.twofours.surespot";NA;0
"ar.rulosoft.mimanganu";0.0614035087719298;0
"org.androidsoft.app.permission";NA;0
"com.pierreduchemin.punchlinebingo";NA;0
"org.sufficientlysecure.ical";NA;0
"edu.sfsu.cs.orange.ocr";NA;0
"com.cyanogenmod.filemanager.ics";0.132071061243572;0.0703993412927131
"com.llamacorp.equate";NA;0
"bughunter2.smsfilter";NA;0
"akk.astro.droid.moonphase";NA;0
"eu.faircode.finegeotag";NA;0
"trikita.talalarmo";NA;0
"com.easwareapps.marbleone_ad_free";NA;0
"net.micode.compass";NA;0
"com.btmura.android.reddit";0.165082108902334;0.349206349206349
"org.tint";NA;0
"com.cr5315.cfdc";NA;0
"com.dougkeen.bart";NA;0
"com.mridang.throttle";NA;0
"com.igormaznitsa.piratedice";NA;0
"de.baumann.pdfcreator";NA;0
"com.tmendes.dadosd";NA;0
"de.digisocken.anotherrss";NA;0
"de.xskat";NA;0
"org.mozilla.mozstumbler";0.26945293917771;0.124398625429553
"stericson.busybox";NA;0
"com.sevag.pitcha";NA;0
"com.eneko.hexcolortimewallpaper";NA;0
"com.mridang.wifiinfo";NA;0
"sonoroxadc.garethmurfin.co.uk";NA;0
"de.fgerbig.spacepeng";NA;0
"uk.co.jarofgreen.JustADamnCompass";NA;0
"com.github.grimpy.botifier";NA;0
"edu.cmu.cs.speech.tts.flite";NA;0
"org.gringene.colourclock";NA;0
"cat.pantsu.nyaapantsu";NA;0
"pk.contender.earmouse";NA;0
"com.rubenwardy.minetestmodmanager";0.114035087719298;0
"org.quovadit.apps.andof";NA;0
"net.androidcomics.acv";NA;0
"org.valos.isolmoa";NA;0
"net.programmierecke.radiodroid2";NA;0
"org.kiwix.kiwixmobile";0.234939759036145;0.2
"es.usc.citius.servando.calendula";0;0.152173913043478
"ryey.flock";NA;0
"org.martus.android";0.318554567749847;0.193271484697415
"im.zom.messenger";NA;0
"fr.seeks";NA;0
"eu.veldsoft.politrics";NA;0
"me.guillaumin.android.osmtracker";NA;0
"de.hu_berlin.informatik.spws2014.mapever";NA;0
"net.imatruck.betterweather";NA;0
"com.gabm.fancyplaces";NA;0
"com.bleyl.recurrence";NA;0
"com.willianveiga.countdowntimer";NA;0
"com.aokp.backup";NA;0
"org.numixproject.iconsubmit";NA;0
"com.intervigil.micdroid";NA;0
"net.somethingdreadful.MAL";NA;0
"com.termux.widget";NA;0
"com.hasi.hasid00r";NA;0
"at.huber.sampleDownload";NA;0
"gr.ratmole.android.Mach3Pendant";NA;0
"com.drismo";0.0654761904761905;0.125
"click.dummer.UartSmartwatch";NA;0
"com.primokorn.enhancement";NA;0
"com.tjm.crushr";NA;0
"net.logomancy.dashquotes.civ5";NA;0
"hu.vsza.adsdroid";NA;0
"org.addhen.smssync";0.218476903870162;0.124590163934426
"com.michaldabski.filemanager";NA;0
"org.mysociety.FixMyStreet";NA;0
"com.cybrosys.palmcalc";0;0.5
"com.docd.purefm";0.337521663778163;0.256804733727811
"br.odb.knights";NA;0
"im.r_c.android.clearweather";NA;0
"nz.gen.geek_central.ObjViewer";NA;0
"com.iven.lfflfeedreader";NA;0
"net.fabiszewski.ulogger";NA;0
"com.github.cythara";0.625;0.115151515151515
"com.mohammadag.beamfile";NA;0
"org.schabi.openhitboxstreams";NA;0
"com.github.quarck.calnotify";NA;0
"com.tortuca.holoken";NA;0
"org.edunivers.whereami";NA;0
"ru.glesik.wifireminders";NA;0
"org.coolreader";NA;0
"com.pilockerstable";0.5;0
"com.cradle.iitc_mobile";NA;0
"click.dummer.textthing";NA;0
"com.leocardz.url.unshortener";NA;0
"com.xlythe.minecraftclock";NA;0
"com.concentricsky.android.khan";NA;0
"com.cajor.dk.dlna";NA;0
"com.simplemobiletools.gallery";NA;0
"net.anzix.osm.upload";0;0
"de.k3b.android.toGoZip";NA;0
"com.kanedias.vanilla.coverfetch";NA;0
"org.paulmach.textedit";NA;0
"be.brunoparmentier.dnssetter";0;0
"com.arnaud.metronome";NA;0
"com.aselalee.trainschedule";NA;0
"com.radiostudent.radiostudentstream";NA;0
"fr.syncarnet";0.407643312101911;0.25
"de.duenndns.gmdice";NA;0
"com.matoski.adbm";NA;0
"com.jonbanjo.cupsprintservice";NA;0
"de.kromke.andreas.unpopmusicplayerfree";NA;0
"de.jkliemann.parkendd";NA;0
"com.nbossard.packlist";0.277595628415301;0.229299363057325
"net.bluetoothviewer";0.777777777777778;0.272727272727273
"ru.zxalexis.ugaday";NA;0
"com.jecelyin.editor";NA;0
"org.bobstuff.bobball";NA;0
"com.nolanlawson.apptracker";NA;0
"net.altcoinfaucet.app";NA;0
"com.unwrappedapps.android.wallpaper.creative";NA;0
"com.lukekorth.screennotifications";NA;0
"de.ph1b.audiobook";NA;0
"eu.polarclock";NA;0
"fr.asterope";NA;0
"com.simplemobiletools.calendar";NA;0
"com.nexes.manager";NA;0
"de.stephanlindauer.criticalmaps";0.6;0.102272727272727
"com.unwind.networkmonitor";NA;0
"ru.meefik.tzupdater";NA;0
"de.devisnik.android.sliding";0.269058295964126;0.208053691275168
"mobi.cyann.nstools";NA;0
"net.micode.fileexplorer";NA;0
"au.com.wallaceit.reddinator";NA;0
"org.zephyrsoft.checknetwork";NA;0
"info.guardianproject.lildebi";NA;0
"com.javiersantos.whatsappbetaupdater";0.588235294117647;0
"com.alaskalinuxuser.justcraigslist";NA;0
"org.kost.nmap.android.networkmapper";NA;0
"com.showmehills";NA;0
"com.notecryptpro";0.52112676056338;0.333333333333333
"com.peppercarrot.runninggame";NA;0
"hsware.HSTempo";NA;0
"com.threedlite.urforms";NA;0
"com.cityfreqs.littlesirecho";NA;0
"marto.rtl_tcp_andro";0.0918367346938776;0.163636363636364
"fr.xtof54.mousetodon";NA;0
"io.davidar.tensor";NA;0
"com.banasiak.coinflipext.example";NA;0
"com.chmod0.manpages";NA;0
"com.guvery.notifyme";NA;0
"com.chdev.ks.minx";NA;0
"com.templaro.opsiz.aka";NA;0
"nu.firetech.android.wifiwarning";NA;0
"com.repay.android";NA;0
"io.github.powerinside.scrollsocket";NA;0
"org.okfn.pod";NA;0
"com.angrydoughnuts.android.alarmclock";NA;0
"com.nltechno.dolidroidpro";NA;0
"com.frozendevs.periodictable";NA;0
"goo.TeaTimer";NA;0
"com.color.colornamer";NA;0
"org.gateshipone.malp";NA;0
"net.tedstein.AndroSS";NA;0
"com.morphoss.acal";NA;0
"it.rignanese.leo.slimfacebook";NA;0
"com.github.dfa.diaspora_android";NA;0
"org.domogik.domodroid13";0.578713968957871;0.220289855072464
"org.janb.shoppinglist";NA;0
"org.androidappdev.batterywidget";NA;0
"com.onetwofivegames.kungfoobarracuda";NA;0
"org.opengappsdownloader";NA;0
"com.bonelazy.profileswitcher";NA;0
"us.lindanrandy.cidrcalculator";0;0
"home.jmstudios.calc";NA;0
"jp.redmine.redmineclient";0.215686274509804;0.166666666666667
"io.github.tjg1.nori";0.057369814651368;0.122641509433962
"im.actor.cloud.free";NA;0
"fr.kwiatkowski.ApkTrack";NA;0
"com.blippex.app";0;0.5
"com.brillenheini.deepscratch.free";NA;0
"com.teleca.jamendo";NA;0
"damo.three.ie";NA;0
"com.briankhuu.nfcmessageboard";NA;0
"com.androsz.electricsleepbeta";NA;0
"uobikiemukot.yaft";NA;0
"com.platypus.SAnd";NA;0
"org.opentech";NA;0
"com.rogerbassonsrenart.paddletennis";NA;0
"org.csploit.android";0.15;0.217391304347826
"com.tmarki.comicmaker";NA;0
"com.olam";NA;0
"org.voidsink.anewjkuapp";NA;0
"com.anysoftkeyboard.languagepack.georgian.fdroid";NA;0
"com.brapeba.roaminginfo";NA;0
"cz.martykan.forecastie";NA;0
"com.fsck.k9";0.229297634661481;0.129300302865574
"com.zoffcc.applications.zanavi";NA;0
"org.openintents.safe";0;0
"com.cebesius.wifiautoforget";0.277227722772277;0
"com.nutomic.syncthingandroid";NA;0
"com.shatteredpixel.shatteredpixeldungeon";NA;0
"es.esy.CosyDVR";NA;0
"moe.feng.nhentai";NA;0
"ut.ewh.audiometrytest";NA;0
"com.catchingnow.tinyclipboardmanager";NA;0
"ir.hsn6.defendo";NA;0
"com.germainz.identiconizer";NA;0
"uk.co.danieljarvis.android.flashback";NA;0
"im.r_c.android.jigsaw";NA;0
"ca.cmetcalfe.locationshare";NA;0
"com.gmail.jerickson314.sdscanner";NA;0
"org.ligi.ipfsdroid";NA;0
"fr.pssoftware.monescarcelle";0;0
"com.kodis";NA;0
"kmac.dejavu_fonts";NA;0
"net.yxejamir.misbotheringsms";NA;0
"com.gacode.relaunchx";NA;0
"com.jadn.cc";0.0459770114942529;0.136363636363636
"com.nagopy.android.disablemanager2";0.00778210116731518;0.137254901960784
"net.cyclestreets";0.516666666666667;0.341836734693878
"org.scoutant.rpn";NA;0
"sk.halmi.fbeditplus";NA;0
"kaljurand_at_gmail_dot_com.diktofon";NA;0
"free.yhc.feeder";NA;0
"net.mafro.android.wakeonlan";NA;0
"com.haringeymobile.ukweather";0.467661691542289;0.0957446808510638
"org.madore.android.unicodeMap";NA;0
"eu.flatworld.android.slider";NA;0
"com.casimirlab.simpleDeadlines";NA;0
"de.sudoq";0.216981132075472;0.126315789473684
"nl.asymmetrics.droidshows";0.369312169312169;0
"com.gulshansingh.hackerlivewallpaper";NA;0
"com.quran.labs.androidquran";0.173030056864338;0.111853088480801
"net.bytten.xkcdviewer";NA;0
"de.baumann.quitsmoking";NA;0
"ca.mudar.fairphone.peaceofmind";NA;0
"net.pejici.summation";NA;0
"info.guardianproject.orfox";NA;0
"com.example.tobiastrumm.freifunkautoconnect";NA;0
"com.nutomic.ensichat";NA;0
"com.evancharlton.mileage";0.259692886980055;0.172260032856137
"com.vuze.android.remote";NA;0
"com.syncedsynapse.kore2";0;0.212
"net.justdave.nwsweatheralertswidget";NA;0
"org.developfreedom.wordpowermadeeasy";0;0.2
"com.nephoapp.anarxiv";NA;0
"de.lsubel.amam";0.291759465478842;0.130653266331658
"subreddit.android.appstore";0.256267409470752;0.140495867768595
"me.ccrama.redditslide";0.168616655196146;0.422310756972112
"com.wordpress.sarfraznawaz.callerdetails";NA;0
"com.osmnavigator";NA;0
"com.f0x.eddymalou";NA;0
"jupiter.broadcasting.live.tv";NA;0
"io.github.sanbeg.flashlight";NA;0
"de.markusfisch.android.shadereditor";NA;0
"com.ath0.rpn";0.367298578199052;0.144654088050314
"org.projectvoodoo.screentestpatterns";NA;0
"com.pjuu.otterdroid";NA;0
"de.ktran.anno1404warenrechner";0.518518518518518;0.111111111111111
"com.gladis.tictactoe";NA;0
"com.lucasdnd.unixtimeclockwidget";NA;0
"nu.firetech.android.pactrack";NA;0
"me.echeung.cdflabs";NA;0
"org.epstudios.epmobile";NA;0
"de.mangelow.network";NA;0
"de.hirtenstrasse.michael.lnkshortener";NA;0
"com.samsandberg.mtafarebuster";NA;0
"io.trezor.app";NA;0
"com.rubenroy.minimaltodo";0.854545454545454;0.03
"org.cmotc.tools.rotationlockpp";NA;0
"eu.kanade.tachiyomi";NA;0
"com.mantz_it.rfanalyzer";NA;0
"ca.cmetcalfe.xposed.disablebatterywarnings";NA;0
"io.githubfede0d.planetrider";NA;0
"org.sufficientlysecure.standalonecalendar";0.466798418972332;0.0831911262798635
"ca.ddaly.android.heart";NA;0
"de.szalkowski.activitylauncher";NA;0
"de.k3b.android.locationMapViewer";NA;0
"grmpl.mk.stepandheightcounter";NA;0
"uk.co.bitethebullet.android.token";NA;0
"org.ligi.fast";NA;0
"de.ub0r.android.websms";NA;0
"com.xmission.trevin.android.todo";NA;0
"com.github.nicolassmith.urlevaluator";NA;0
"com.google.android.stardroid";0.377847604084839;0.287622439893143
"com.quaap.dodatheexploda";NA;0
"com.doomy.torch";NA;0
"fr.tvbarthel.attempt.googlyzooapp";NA;0
"net.loeuillet.wifi_eap_sim_conf";NA;0
"wiseguys.radar";NA;0
"tw.qtlin.mac.airunlocker";NA;0
"ro.weednet.contactssync";NA;0
"info.guardianproject.notepadbot";NA;0
"org.eehouse.android.xw4";NA;0
"net.haltcondition.anode";0.546875;0.139240506329114
"de.delusions.measure";NA;0
"de.blau.android";0.0599070100143062;0.107066381156317
"me.alexghr.bulkshare.android.app2";NA;0
"com.drodin.zxdroid";NA;0
"com.studio332.flickit";NA;0
"org.droidupnp";NA;0
"org.horaapps.leafpic";NA;0
"micropolis.android";NA;0
"vu.de.urpool.quickdroid";NA;0
"com.bd.gitlab";NA;0
"com.hyperionics.fbreader.plugin.tts_plus";NA;0
"sk.madzik.android.logcatudp";NA;0
"com.f.coin";NA;0
"com.luk.timetable2";NA;0
"org.secuso.privacyfriendlypin";NA;0
"de.onyxbits.pocketbandit";NA;0
"net.commotionwireless.meshtether";NA;0
"com.xargsgrep.portknocker";0;0
"com.wmstein.tourcount";NA;0
"com.tobykurien.batteryfu";NA;0
"com.metinkale.prayer";NA;0
"com.teamdc.stephendiniz.autoaway";NA;0
"ca.pr0ps.xposed.entrustunblocker";NA;0
"com.adam.aslfms";0.29748743718593;0.196796338672769
"org.cyanogenmod.oneclick";NA;0
"com.holokenmod";NA;0
"eu.veldsoft.colors.overflow";NA;0
"be.brunoparmentier.openbikesharing.app";NA;0
"com.opendoorstudios.ds4droid";NA;0
"starcom.snd";NA;0
"ch.hsr.eyecam";0.0299850074962519;0.145833333333333
"fr.miximum.napply";0.0638888888888889;0.21875
"de.locked.cellmapper";NA;0
"ch.rmy.android.statusbar_tacho";NA;0
"protect.rentalcalc";0.0178217821782178;0.140983606557377
"net.progval.android.andquote";NA;0
"org.asdtm.fas";NA;0
"org.transdroid.search";0.502283105022831;0.283950617283951
"com.simplemobiletools.applauncher";NA;0
"org.thecongers.mtpms";NA;0
"net.opendasharchive.openarchive.release";NA;0
"com.majeur.applicationsinfo";NA;0
"com.rehanced.lunary";NA;0
"pl.hypeapp.endoscope";NA;0
"et.nWifiManager";NA;0
"com.greenaddress.abcore";NA;0
"info.aario.killcamera";NA;0
"org.billthefarmer.editor";NA;0
"com.cleveroad.sample";NA;0
"com.appspot.usbhidterminal";0;0.0454545454545455
"fr.ubordeaux.math.paridroid";NA;0
"com.todobom.opennotescanner";NA;0
"com.byagowi.persiancalendar";NA;0
"tf.nox.wifisetup";NA;0
"me.dbarnett.acastus";NA;0
"openfoodfacts.github.scrachx.openfood";0.26569246097642;0.275910364145658
"com.slothwerks.hearthstone.compendiumforhearthstone";NA;0
"cat.mvmike.minimalcalendarwidget";0.295180722891566;0.0738255033557047
"com.andrewshu.android.reddit";NA;0
"us.achromaticmetaphor.imcktg";NA;0
"de.mangelow.slideitloud";NA;0
"byrne.utilities.hashpass";NA;0
"com.oakley.fon";NA;0
"co.loubo.icicle";NA;0
"org.schabi.svgredirect";NA;0
"tomer.com.alwaysonamoledplugin";NA;0
"android.androidVNC";NA;0
"de.smasi.tickmate";0.147058823529412;0.0666666666666667
"nerd.tuxmobil.fahrplan.congress";NA;0
"biz.codefuture.svgviewer";NA;0
"org.smblott.intentradio";NA;0
"jp.yhonda";NA;0
"org.kde.kdeconnect_tp";0.267647058823529;0.192982456140351
"io.tiph.smsspammer";NA;0
"felixwiemuth.lincal";NA;0
"com.murrayc.galaxyzoo.app";0.106198526224534;0.231788079470199
"com.github.mofosyne.instantreadme";NA;0
"jp.gr.java_conf.hatalab.mnv";NA;0
"com.threedlite.userhash.location";NA;0
"org.daylightingsociety.wherearetheeyes";NA;0
"uk.org.crimetalk";NA;0
"com.github.yeriomin.dumbphoneassistant";NA;0
"com.platypus.dicer";NA;0
"com.sigseg.android.worldmap";NA;0
"de.cweiske.headphoneindicator";NA;0
"com.blogspot.marioboehmer.nfcprofile";NA;0
"com.midisheetmusic";NA;0
"org.akvo.rsr.up";NA;0
"jp.sawada.np2android";NA;0
"org.de.jmg.learn";NA;0
"org.briarproject.briar.beta";0.364542936288089;0.136894605591285
"com.github.mobile";0.270760233918129;0.230932203389831
"org.microg.nlp.backend.nominatim";NA;0
"de.zieren.rot13";NA;0
"org.sufficientlysecure.localcalendar";NA;0
"org.anhonesteffort.flock";0.496835443037975;0.212003117692907
"com.ssaurel.clocklw";NA;0
"cgeo.geocaching";0.191678761490082;0.340316060271959
"com.androidemu.nes";NA;0
"com.tasomaniac.dashclock.hackerspace.floss";NA;0
"org.appsroid.fxpro";NA;0
"at.univie.sensorium";NA;0
"com.github.cetoolbox";NA;0
"cat.jordihernandez.cinecat";NA;0
"fr.tvbarthel.apps.simpleweatherforcast";0.16;0.230769230769231
"com.orgzly";0.163113006396588;0.244565217391304
"com.quaap.fishberserker";NA;0
"com.orpheusdroid.screenrecorder";NA;0
"de.naturalnet.mirwtfapp";NA;0
"jpf.android.diary";NA;0
"csh.cryptonite";0.0232558139534884;0.101851851851852
"org.kaziprst.android.ndfilter";NA;0
"com.simplemobiletools.draw";NA;0
"de.freewarepoint.whohasmystuff";NA;0
"org.amoradi.syncopoli";0.942528735632184;0.206896551724138
"ca.cumulonimbus.barometernetwork";NA;0
"be.ppareit.shutdown";NA;0
"protect.babysleepsounds";NA;0
"se.johanhil.duckduckgo";NA;0
"ro.ieval.fonbot";NA;0
"org.sufficientlysecure.keychain";0.22412213740458;0.235611510791367
"com.abcdjdj.rootverifier";NA;0
"name.starnberger.guenther.android.cbw";NA;0
"click.dummer.rickapp";NA;0
"me.jamesfrost.simpledo";0.00418410041841004;0.144
"com.aaronjwood.portauthority";NA;0
"org.pacien.tincapp";NA;0
"com.fsck.k9.material";0.209708443004657;0.12274181893259
"org.shortcuts";NA;0
"com.jmstudios.redmoon";NA;0
"cz.eutopia.snooperstopper";NA;0
"net.damsy.soupeaucaillou.heriswap";NA;0
"org.dsandler.apps.markers";NA;0
"us.shandian.blacklight";NA;0
"ca.mimic.apphangar";NA;0
"com.msapps.touchdetector";NA;0
"de.ub0r.android.websms.connector.gmx";NA;0
"de.onyxbits.textfiction";NA;0
"com.sagar.screenshift2";0;0
"com.boombuler.games.shift";NA;0
"org.ligi.gobandroid_hd";NA;0
"com.sandeel.bushidoblocks";NA;0
"org.grapentin.apps.exceer";0.547445255474453;0.428030303030303
"us.shandian.giga";NA;0
"org.sufficientlysecure.viewer";0.113737075332349;0.264367816091954
"com.netthreads.android.noiz2";NA;0
"com.darshancomputing.BatteryIndicator";NA;0
"science.itaintrocket.pomfshare";NA;0
"jp.softstudio.DriversLicenseReader";NA;0
"org.yuttadhammo.BodhiTimer";NA;0
"An.stop";NA;0
"souch.smsbypass";NA;0
"eu.veldsoft.ithaka.board.game";NA;0
"com.gh4a";0.192660550458716;0.578154425612053
"com.tomer.alwayson";NA;0
"com.makeinfo.sudokugenerator";NA;0
"community.peers.internetradio";NA;0
"com.moonpi.tapunlock";NA;0
"org.secuso.privacyfriendlyactivitytracker";NA;0
"org.sickstache";NA;0
"eu.veldsoft.hungarian.rings";NA;0
"com.elementarytoday.theia";NA;0
"com.vackosar.searchbasedlauncher";0.218487394957983;0.0921052631578947
"net.artificialworlds.rabbitescape";0.221858944418496;0.222605224963716
"com.simplemobiletools.notes";NA;0
"de.mangelow.debdroid";NA;0
"daniel_32.flexiblewallpaper";NA;0
"com.ciarang.tallyphant";NA;0
"com.mrbimc.selinux";NA;0
"com.simplemobiletools.camera";NA;0
"com.boombuler.widgets.contacts";NA;0
"de.bitsharesmunich.wallet";NA;0
"com.kure.musicplayer";NA;0
"com.miz.mizuu";NA;0
"universe.constellation.orion.viewer";0;0
"com.wikaba.ogapp";NA;0
"com.annimon.minizipandroid";NA;0
"com.alexkang.x3matrixcalculator";NA;0
"com.dev.cromer.jason.cshelper";NA;0
"com.htruong.inputmethod.latin";0.00575815738963532;0.08
"de.geeksfactory.opacclient";0.031551724137931;0.0591397849462366
"de.audioattack.yacy31c3search";NA;0
"com.linkomnia.android.Changjie";NA;0
"com.borneq.heregpslocation";NA;0
"de.meonwax.soundboard";NA;0
"org.hoi_polloi.android.ringcode";NA;0
"de.robv.android.xposed.installer";NA;0
"aws.apps.usbDeviceEnumerator";0.928571428571429;0.117647058823529
"com.twobuntu.twobuntu";NA;0
"nitezh.ministock";NA;0
"fr.mobdev.goblim";NA;0
"com.omegavesko.holocounter";NA;0
"com.android.quake";NA;0
"com.umang.dashnotifier";NA;0
"com.lucasdnd.bitclock16";NA;0
"net.alaindonesia.silectric";0;0.0298507462686567
"am.zoom.mbrowser";NA;0
"com.github.ruleant.getback_gps";0.50484183344093;0.210151006711409
"com.shurik.droidzebra";0;0.027027027027027
"org.yaxim.androidclient";NA;0
"eu.veldsoft.vitoshadm";NA;0
"com.uraroji.garage.android.mp3recvoice";NA;0
"com.androguide.universal.init.d";NA;0
"info.papdt.blackblub";NA;0
"com.idunnololz.igo";NA;0
"com.prhlt.aemus.Read4SpeechExperiments";NA;0
"com.naholyr.android.horairessncf";NA;0
"com.unleashyouradventure.swaccess";0.583333333333333;0.0666666666666667
"fr.masciulli.drinks";NA;0
"me.murks.filmchecker";NA;0
"ch.fixme.cowsay";NA;0
"pro.dbro.openspritz";0.0732860520094563;0.0833333333333333
"com.akop.bach";NA;0
"errorc2146.whereaminext";NA;0
"org.andstatus.app";0.116257612105555;0.26462836056932
"com.thefonz.ed_tool";NA;0
"org.surrel.facebooknotifications";NA;0
"com.yassirh.digitalocean";NA;0
"ar.com.tristeslostrestigres.diasporanativewebapp";NA;0
"de.dotwee.micropinner";0.686131386861314;0.040983606557377
"kr.hybdms.sidepanel";NA;0
"com.kvance.Nectroid";NA;0
"io.mapsquare.osmcontributor";0.231520223152022;0.093278463648834
"com.digitalfishfun.openshift";NA;0
"app.openconnect";NA;0
"org.billthefarmer.scope";NA;0
"de.mangelow.balance";NA;0
"com.wolas.awesomewallpaper";NA;0
"to.networld.android.divedroid";NA;0
"org.ninthfloor.copperpdf";NA;0
"com.github.notizklotz.derbunddownloader";0.0805084745762712;0.0232558139534884
"com.vlath.beheexplorer";NA;0
"com.alexkang.bluechat";NA;0
"com.tjm.stripepaper";NA;0
"com.kibab.android.EncPassChanger";NA;0
"com.rascarlo.aurdroid";NA;0
"com.artifex.mupdf.mini";NA;0
"naman14.timber";NA;0
"com.zoffcc.applications.trifa";NA;0
"com.gokhanmoral.stweaks.app";NA;0
"us.feras.mdv.demo";NA;0
"com.dozingcatsoftware.asciicam";NA;0
"net.exclaimindustries.geohashdroid";NA;0
"de.onyxbits.sensorreadout";NA;0
"chromiumupdater.bamless.com.chromiumsweupdater";NA;0
"com.enrico.earthquake";NA;0
"aws.apps.androidDrawables";NA;0
"za.co.neilson.alarm";NA;0
"com.github.nutomic.controldlna";NA;0
"com.doplgangr.secrecy";NA;0
"telegra.ph";NA;0
"de.ub0r.android.callmeter";NA;0
"koeln.mop.elpeefpe";NA;0
"com.tinfoil.sms";NA;0
"com.purplefoto.pfdock";NA;0
"de.ub0r.android.smsdroid";NA;0
"org.gitorious.jamesjrh.isokeys";NA;0
"ca.rmen.android.poetassistant";NA;0
"com.smerty.ham";NA;0
"com.hexad.bluezime";NA;0
"org.ciasaboark.tacere";0.132034632034632;0.2
"com.sweetiepiggy.everylocale";NA;0
"com.bmpak.anagramsolver";NA;0
"tk.giesecke.phoenix";NA;0
"com.brosmike.airpushdetector";NA;0
"com.nkanaev.comics";NA;0
"de.yazo_games.mensaguthaben";NA;0
"com.foxykeep.lifecounter";NA;0
"com.sound.ampache";NA;0
"orbitlivewallpaperfree.puzzleduck.com";NA;0
"org.ncrmnt.nettts";NA;0
"org.passwordmaker.android";NA;0
"de.onyxbits.remotekeyboard";NA;0
"com.seafile.seadroid2";0.0346820809248555;0.4
"com.rareventure.gps2";0.0654464780920688;0
"net.kismetwireless.android.smarterwifimanager";NA;0
"net.ddns.mlsoftlaberge.trycorder";NA;0
"ru.valle.btc";0.210891343436938;0.191564147627417
"org.secuso.privacyfriendlyweather";NA;0
"de.ub0r.android.otpdroid";NA;0
"net.alegen.android.netclip";NA;0
"de.naturalnet.zahnarztgeraeusche";NA;0
"org.traccar.client";0.422222222222222;0.184210526315789
"re.jcg.playmusicexporter";NA;0
"com.traffar.game_of_life";NA;0
"com.twolinessoftware.android";NA;0
"org.openintents.shopping";0;0
"link.standen.michael.slideshow";NA;0
"com.nolanlawson.keepscore";NA;0
"org.notabug.lifeuser.moviedb";NA;0
"com.reddyetwo.hashmypass.app";NA;0
"ca.cmetcalfe.xposed.flatconnectivityicons";NA;0
"com.pindroid";0.239831697054698;0.20627802690583
"com.bytestemplar.tonedef";NA;0
"com.googlecode.gogodroid";NA;0
"ohm.quickdice";0.0572792362768496;0.018796992481203
"de.k3b.android.contentproviderhelper";NA;0
"mobi.omegacentauri.PerApp";NA;0
"tranquvis.simplesmsremote";0.212988442487617;0.25
"com.ringdroid";NA;0
"vnd.blueararat.kaleidoscope6";NA;0
"com.github.gianlucanitti.expreval";NA;0
"com.xatik.app.droiddraw.client";NA;0
"com.dwdesign.tweetings";NA;0
"com.app.Zensuren";NA;0
"org.nathan.jf.build.prop.editor";NA;0
"net.dahanne.android.regalandroid";0.501204819277108;0.197452229299363
"com.threedlite.livePolys";NA;0
"com.jtechme.jumpgo";0.854961832061069;0.2
"com.botbrew.basil";NA;0
"com.invano.ambientweather";NA;0
"com.blntsoft.emailpopup";0;0
"me.johnmh.boogdroid";NA;0
"com.nightshadelabs.anotherbrowser";NA;0
"com.namelessdev.mpdroid";NA;0
"be.brunoparmentier.apkshare";NA;0
"org.wikilovesmonuments";NA;0
"com.mfreitas.twister";NA;0
"com.google.android.apps.iosched";NA;0
"com.github.ooz.heymeditation";NA;0
"com.zachrattner.pockettalk";NA;0
"com.episode6.android.appalarm.pro";NA;0
"mixedbit.speechtrainer";0.430769230769231;0.162322274881517
"com.abitsinc.andr";NA;0
"ee.ioc.phon.android.speak";NA;0
"bus.chio.wishmaster";NA;0
"com.aidinhut.simpletextcrypt";0.358381502890173;0.1
"com.hectorone.multismssender";NA;0
"tk.radioactivemineral.metronome";NA;0
"cc.rainwave.android";NA;0
"fr.s13d.photobackup";NA;0
"com.totsp.bookworm";NA;0
"de.Cherubin7th.blackscreenpresentationremote";NA;0
"us.bravender.android.dongsa";NA;0
"com.omegavesko.sutransplus";NA;0
"org.petero.droidfish";0.371613832853026;0.364790520524757
"com.smorgasbork.hotdeath";NA;0
"net.georgewhiteside.android.abstractart";NA;0
"org.mumod.android";NA;0
"in.ac.iitb.cse.cartsbusboarding";NA;0
"com.packetsender.android";NA;0
"ru.sash0k.bluetooth_terminal";NA;0
"com.xenris.liquidwarsos";NA;0
"org.cyanogenmod.wundergroundcmweatherprovider";NA;0
"ga.chschtsch.milonhapashut";NA;0
"com.mobilepearls.sokoban";NA;0
"de.ub0r.android.clipboardbeam";NA;0
"net.sf.ethersynth";NA;0
"org.projectvoodoo.audiomeasurementsplayer";NA;0
"jp.co.omronsoft.openwnn";NA;0
"steele.gerry.dotty";NA;0
"com.quaap.audiometer";NA;0
"net.minetest.minetest";0.0489913544668588;0
"com.github.premnirmal.tickerwidget";NA;0
"net.sourceforge.wifiremoteplay";NA;0
"com.spydiko.rotationmanager_foss";NA;0
"ca.rmen.android.frenchcalendar";NA;0
"it.rignanese.leo.slimtwitter";NA;0
"protect.babymonitor";NA;0
"me.writeily";NA;0
"com.ten15.diyfish";NA;0
"com.brockoli.android.hsdroid";NA;0
"org.secuso.privacyfriendlysudoku";0.193236714975845;0.0963302752293578
"com.brewcrewfoo.performance";NA;0
"jwtc.android.chess";NA;0
"com.sapos_aplastados.game.clash_of_balls";NA;0
"org.macno.puma";NA;0
"com.boardgamegeek";NA;0
"com.easwareapps.baria";NA;0
"com.tierep.notificationanalyser";0;0
"de.onyxbits.drudgery";NA;0
"com.jtmcn.archwiki.viewer";0.521367521367521;0.285714285714286
"com.anddevw.getchromium";NA;0
"com.dozingcatsoftware.cameratimer";NA;0
"com.matteopacini.katana";NA;0
"uk.org.ngo.squeezer";0.0962800875273523;0.272965879265092
"de.hampager.dapnetmobile";NA;0
"com.fgrim.msnake";NA;0
"com.niparasc.papanikolis";NA;0
"com.zegoggles.smssync";0.258430319307669;0.197368421052632
"org.broeuschmeul.android.gps.bluetooth.provider";NA;0
"de.baumann.browser";NA;0
"com.dkanada.openapk";NA;0
"net.pagekite.app";NA;0
"net.tjado.passwdsafe";0.05119825708061;0.232723577235772
"com.termux.window";NA;0
"net.vreeken.quickmsg";0.232415902140673;0
"com.ecuamobi.deckwallet";NA;0
"org.proninyaroslav.libretorrent";0;0
"com.fastebro.androidrgbtool";0.225433526011561;0.277777777777778
"com.yasfa.views";NA;0
"com.hermit.btreprap";NA;0
"de.vanitasvitae.enigmandroid";NA;0
"be.norio.randomapp";NA;0
"org.t2.synconwifi";NA;0
"org.cprados.wificellmanager";NA;0
"com.anysoftkeyboard.languagepack.hungarian";NA;0
"com.nowsecure.android.vts";NA;0
"com.samwhited.opensharelocationplugin";NA;0
"de.shandschuh.slightbackup";NA;0
"org.debian.eugen.headingcalculator";0.91304347826087;0.0909090909090909
"cx.mccormick.pddroidparty";NA;0
"com.mareksebera.simpledilbert";NA;0
"fr.s3i.pointeuse";NA;0
"de.marmaro.krt.ffupdater";0.453846153846154;0.0965250965250965
"nf.frex.android";0.223671947809879;0.401140684410646
"org.xposeddownloader";NA;0
"com.alexxz.hawkingquotes";NA;0
"com.jmstudios.pointandhit.android";NA;0
"com.geecko.QuickLyric";0;0.0588235294117647
"at.bitfire.cadroid";NA;0
"com.uberspot.a2048";NA;0
"com.flipcamera";NA;0
"de.badaix.snapcast";NA;0
"ru.equestriadev.mgke";NA;0
"org.pixmob.freemobile.netstat";NA;0
"info.lamatricexiste.network";NA;0
"com.example.sshtry";NA;0
"org.zamedev.gloomydungeons2.opensource";0;0
"jonas.tool.saveForOffline";NA;0
"com.github.redpanal.android";NA;0
"com.materialos.cm.theme";NA;0
"de.danoeh.antennapod";0.185262529832936;0.179905808477237
"org.pyneo.maps";NA;0
"org.sufficientlysecure.viewer.fontpack";NA;0
"indrora.atomic";NA;0
"org.openbmap";0.578947368421053;0.28
"se.danielj.geometridestroyer";NA;0
"com.workingagenda.devinettes";NA;0
"ru.exlmoto.snood21";NA;0
"org.secuso.privacyfriendlynotes";NA;0
"org.openintents.about";NA;0
"me.disconnect.mobile2";NA;0
"com.icechen1.notable.pro";NA;0
"com.alaskalinuxuser.justnotes";NA;0
"me.zeeroooo.materialfb";NA;0
"org.openorienteering.mapper";NA;0
"it.gmariotti.android.apps.dashclock.extensions.battery";NA;0
"btools.routingapp";0.487179487179487;0.09375
"com.annie.dictionary";NA;0
"de.markusfisch.android.wavelines";NA;0
"com.github.marmalade.aRevelation";NA;0
"com.unitedcoders.android.gpodroid";NA;0
"dk.mide.fas.cmnightlies";NA;0
"com.ridgelineapps.resdicegame";NA;0
"info.guardianproject.gilga";NA;0
"de.k4ever.k4android";NA;0
"de.tum.in.tumcampus";0.578947368421053;0.0851063829787234
"pw.thedrhax.mosmetro";NA;0
"it.andreascarpino.hostisdown";NA;0
"ch.ihdg.calendarcolor";NA;0
"fr.xplod.focal";NA;0
"dasher.android";NA;0
"org.aja.flightmode";NA;0
"org.linphone";NA;0
"org.ligi.scr";NA;0
"com.nostra13.universalimageloader";0.0230769230769231;0.196428571428571
"de.luhmer.owncloudnewsreader";0.0109090909090909;0
"org.androidpn.client";NA;0
"com.ratebeer.android";NA;0
"com.asksven.betterwifionoff";NA;0
"org.doubango.imsdroid";NA;0
"de.mangelow.syncwifi";NA;0
"ch.blinkenlights.android.apnswitch";NA;0
"com.ogsdroid";NA;0
"com.tmendes.birthdaydroid";NA;0
"com.mapzen.open";0.40958751393534;0.155284552845528
"com.elsdoerfer.android.autostarts";NA;0
"de.cryptobitch.muelli.vouchercalc";NA;0
"pl.narfsoftware.thermometer";NA;0
"sony.hidden.servicemenu";NA;0
"org.katsarov.dofcalc";NA;0
"de.ub0r.android.portaltimer";NA;0
"org.tasks";0.178843441466855;0.166023166023166
"com.martinborjesson.o2xtouchlednotifications";NA;0
"ru.subprogram.paranoidsmsblocker";NA;0
"com.soyblue.bluesound";NA;0
"org.primftpd";NA;0
"com.nilhcem.frcndict";NA;0
"dmusiolik.pijaret";NA;0
"com.manuelmaly.hn";NA;0
"com.github.funkyg.funkytunes";NA;0
"com.khuttun.notificationnotes";NA;0
"org.pyload.android.client";NA;0
"net.damsy.soupeaucaillou.recursiveRunner";NA;0
"ca.farrelltonsolar.classic";NA;0
"com.eibriel.reddot";NA;0
"com.vlille.checker";NA;0
"edu.cmu.pocketsphinx.demo";NA;0
"anupam.acrylic";NA;0
"org.olpc_france.sugarizer";NA;0
"com.claha.showtimeremote";NA;0
"com.clickgostudio.air1072";NA;0
"it.sasabz.android.sasabus";NA;0
"com.passcard";NA;0
"org.asnelt.derandom";NA;0
"org.geometerplus.fbreader.plugin.tts";NA;0
"com.reicast.emulator";NA;0
"com.ruesga.android.wallpapers.photophase";NA;0
"fr.unix_experience.owncloud_sms";NA;0
"name.livitski.games.puzzle.android";NA;0
"axp.tool.apkextractor";NA;0
"org.kontalk";0.0933878663940014;0.180936995153473
"com.phikal.regex";NA;0
"krasilnikov.alexey.cryptopass";0.617021276595745;0.228915662650602
"com.github.axet.tonegenerator";NA;0
"org.toulibre.capitoledulibre";NA;0
"com.josegd.monthcalwidget";NA;0
"ru0xdc.rtkgps";NA;0
"com.gracecode.android.presentation";NA;0
"com.iamtrk.androidexplorer";NA;0
"fr.keuse.rightsalert";NA;0
"net.sourceforge.andsys";NA;0
"com.danielme.muspyforandroid";NA;0
"com.example.muzei.muzeiapod";NA;0
"de.onyxbits.geobookmark";NA;0
"se.tube42.kidsmem.android";NA;0
"name.juodumas.ext_kbd_lithuanian";NA;0
"com.mitzuli";0.0823529411764706;0
"com.glTron";NA;0
"pl.strimoid.lara";NA;0
"com.dconstructing.cooper";NA;0
"org.androidsoft.games.memory.tux";NA;0
"com.futurice.android.reservator";NA;0
"com.harleensahni.android.mbr";NA;0
"org.isoron.uhabits";0.296045197740113;0.226086956521739
"com.javiersantos.mlmanager";NA;0
"com.fivasim.antikythera";NA;0
"com.voidcode.diasporawebclient";NA;0
"com.secuso.privacyFriendlyCodeScanner";NA;0
"budo.budoist";0;0
"com.lucasdnd.decimaltimeclockwidget";NA;0
"me.phh.superuser";NA;0
"andraus.bluetoothhidemu";NA;0
"net.pherth.omnomagon";NA;0
"com.irahul.worldclock";NA;0
"com.bigbluecup.android.launcher";NA;0
"net.dahanne.banq.notifications";0.720388349514563;0.333333333333333
"vocabletrainer.heinecke.aron.vocabletrainer";0.414634146341463;0.285714285714286
"com.mkf.droidsat";NA;0
"de.k3b.android.calendar.ics.adapter";NA;0
"org.sagemath.droid";NA;0
"de.agrothe.go";NA;0
"com.easwareapps.transparentwidget";NA;0
"monakhv.android.samlib";0.052924791086351;0.0442477876106195
"org.bienvenidoainternet.app";NA;0
"com.android.camera2";0.468085106382979;0
"org.runnerup";0.34453781512605;0.0166666666666667
"io.github.gsantner.memetastic";NA;0
"in.umairkhan.remotedroid";0.234513274336283;0
"net.bible.android.activity";0.280060309084056;0.0933515482695811
"com.a5corp.weather";NA;0
"com.itds.sms.ping";NA;0
"com.physphil.android.unitconverterultimate";0.0620689655172414;0
"com.danielkim.soundrecorder";NA;0
"org.yuttadhammo.tipitaka";NA;0
"com.johan.vertretungsplan";NA;0
"de.hoffmannsgimmicks";NA;0
"com.leocardz.multitouch.test";NA;0
"com.amabyte.vtucslabmanual";NA;0
"net.thauvin.erik.android.noussd";NA;0
"com.wbrenna.gtfsoffline";NA;0
"julianwi.javainstaller";NA;0
"com.dosse.chromiumautoupdater";NA;0
"org.developfreedom.logmein";0;0.0416666666666667
"com.juliansparber.captiveportallogin";NA;0
"ivl.android.moneybalance";NA;0
"io.github.kobuge.games.minilens";NA;0
"com.dozingcatsoftware.bouncy";NA;0
"com.googlecode.gtalksms";NA;0
"net.inbox.pager";NA;0
"de.kodejak.hashr";NA;0
"com.refactech.driibo";NA;0
"com.yubico.yubioath";NA;0
"org.durka.hallmonitor";NA;0
"net.nightwhistler.pageturner";0.296019900497512;0.0989010989010989
"com.andrew.apollo";NA;0
"net.teknoraver.andhrystone";NA;0
"edu.harvard.android.mmskeeper";NA;0
"com.dnielfe.manager";NA;0
"com.amphoras.tpthelper";NA;0
"swati4star.createpdf";0.137353433835846;0.347826086956522
"com.malek.alldebrid";NA;0
"com.ariwilson.seismowallpaper";NA;0
"com.amaze.filemanager";0.160456730769231;0.151010101010101
"com.movim.movim";NA;0
"org.subsurface";NA;0
"rs.pedjaapps.alogcatroot.app";NA;0
"com.keylesspalace.tusky";NA;0
"com.artifex.mupdf.example";NA;0
"com.github.axet.torrentclient";NA;0
"de.mpg.mpdl.labcam";NA;0
"net.solutinno.websearch";NA;0
"z4pp3r.flashlightwidget";NA;0
"ro.mihai.tpt";0.1019955654102;0.261627906976744
"org.zeroxlab.zeroxbenchmark";NA;0
"com.hexairbot.hexmini";NA;0
"ch.rrelmy.android.batterymanager";NA;0
"eu.veldsoft.fish.rings";NA;0
"com.kaeruct.glxy";NA;0
"com.vonglasow.michael.satstat";NA;0
"mohammad.adib.roundr";NA;0
"cz.hejl.chesswalk";NA;0
"org.openobservatory.ooniprobe";0.1;0.14018691588785
"org.dyndns.sven_ola.debian_kit";NA;0
"org.dyndns.fules.ck";NA;0
"priv.twoerner.brightnesswidget";NA;0
"it.angrydroids.epub3reader";NA;0
"com.ghstudios.android.mhgendatabase";0.472477064220183;0.0844155844155844
"nodomain.freeyourgadget.gadgetbridge";0.201742627345844;0.159503342884432
"com.nolanlawson.logcat";NA;0
"de.syss.MifareClassicTool";NA;0
"com.almalence.opencam";NA;0
"com.sidzi.circleofmusic";NA;0
"com.jackpf.apkdownloader";0;0.5
"br.com.frs.foodrestrictions";NA;0
"csd.qtproject.minesweeper";NA;0
"com.opentaxi.android";NA;0
"org.glucosio.android";0.161093131966918;0.119191919191919
"com.leafdigital.kanji.android";0.180044593088071;0.231382978723404
"com.yubico.yubiclip";NA;0
"com.github.alijc.cricketsalarm";NA;0
"com.googlecode.android_scripting";0.0906976744186047;0.123867069486405
"com.sakthipriyan.cricscore";NA;0
"com.enrico.sample";NA;0
"com.emartynov.android.app.urlsetter";0.125;0.0368421052631579
"com.bobbyrne01.howfardoyouswim";NA;0
"com.mattallen.dpixel";NA;0
"org.torproject.android";NA;0
"name.boyle.chris.sgtpuzzles";0.03125;0.0555555555555556
"org.beide.droidgain";NA;0
"org.wikipedia";0.14367816091954;0.198140900195695
"com.sensirion.smartgadget";0.0582822085889571;0.134146341463415
"org.vi_server.red_screen";0;0
"uk.co.keepawayfromfire.screens";NA;0
"net.phunehehe.foocam";NA;0
"com.gunshippenguin.openflood";0;0
"net.kourlas.voipms_sms";NA;0
"com.example.android.monthcalendarwidget";NA;0
"ee.smkv.calc.loan";NA;0
"com.actisec.clipcaster";0.325526932084309;0.146825396825397
"com.owncloud.android";0.0132890365448505;0.0932475884244373
"com.fisheradelakin.interactivestory";NA;0
"com.ivanvolosyuk.sharetobrowser";NA;0
"com.sunyata.kindmind";NA;0
"com.tkjelectronics.balanduino";NA;0
"se.embargo.retroboy";NA;0
"com.enrico.filemanager";NA;0
"email.schaal.ocreader";0.0675381263616558;0.0892857142857143
"com.github.mofosyne.tagdrop";NA;0
"byrne.utilities.pasteedroid";NA;0
"in.andres.kandroid";0.015;0.272727272727273
"com.darshancomputing.BatteryIndicatorPro";NA;0
"io.github.froodyapp";NA;0
"me.malladi.dashcricket";NA;0
"com.easwareapps.f2lflap2lock_adfree";NA;0
"com.moez.QKSMS";NA;0
"com.phpsysinfo";NA;0
"mavonst.app.easylight";NA;0
"com.tomer.screenshotsharer";NA;0
"moe.martini.midictrl";NA;0
"org.sensors2.osc";NA;0
"org.androidsoft.games.memory.kids";NA;0
"fm.libre.droid";NA;0
"de.cwde.freeshisen";NA;0
"com.nolanlawson.jnameconverter";0.0636042402826855;0
"org.dmfs.tasks";0.0462822458270106;0.118232044198895
"com.dalthed.tucan";0.0841121495327103;0.08
"net.tevp.postcode";NA;0
"com.lightbox.android.camera";NA;0
"org.tmurakam.presentationtimer";NA;0
"com.emmaguy.cleanstatusbar";NA;0
"com.ultrafunk.network_info";NA;0
"com.termux.styling";NA;0
"com.drodin.tuxrider";NA;0
"org.jak_linux.dns66";0.407431133888533;0.222843450479233
"com.banasiak.coinflip";NA;0
"org.olgsoft.apipepanic";NA;0
"net.tapi.handynotes";NA;0
"app.varlorg.unote";0.777777777777778;0.285714285714286
"com.nucc.hackwinds";NA;0
"net.everythingandroid.smspopup";NA;0
"org.tw.onze.cmtheme";NA;0
"app.librenews.io.librenews";NA;0
"com.xperia64.timidityae";NA;0
"org.openbmap.unifiedNlp";NA;0
"com.androidemu.snes";NA;0
"com.tomaszmarzeion.notepad";NA;0
"is.pinterjann.jaws";NA;0
"de.antonfluegge.android.yubnubwidgetadfree";NA;0
"com.lligainterm";NA;0
"de.live.gdev.cherrymusic";NA;0
"youten.redo.ble.ibeacondetector";NA;0
"fr.gaulupeau.apps.InThePoche";NA;0
"it.langolonerd.app";NA;0
"com.mehmetakiftutuncu.eshotroid";NA;0
"net.bitplane.android.microphone";NA;0
"com.MarcosDiez.shareviahttp";NA;0
"nl.yoerinijs.notebuddy";0.394160583941606;0.148514851485149
"net.etuldan.sparss.floss";0.0555555555555556;0.0225563909774436
"ch.blinkenlights.android.vanillaplug";NA;0
"org.schabi.kiba";NA;0
"in.p1x.tanks_of_freedom";NA;0
"com.morlunk.mumbleclient";NA;0
"de.jdsoft.law";NA;0
"com.alexcruz.papuhwalls";NA;0
"com.launcher.silverfish";NA;0
"org.froscon.schedule";NA;0
